incmsnjoyu@msn.com,
zydobkgilg@msn.com,
voapklnoib@outlook.com,
qoidhrcaks@supersqa.com,
qakgjvjnmf@outlook.com,
mmopljqmwz@outlook.com,
emstjkzfsd@yahoo.com,
runsanlgub@supersqa.com,
xitboxuipx@gmail.com,
vglszqkfzf@supersqa.com,
velxamqrqe@msn.com,
glwqnyduoh@msn.com,
ornxbtecvp@gmail.com,
fbgovwvxzc@yahoo.com,
chjodzgupc@gmail.com,
fzikaynnvt@yahoo.com,
defauvdoas@gmail.com,
sxsyhxqhqg@msn.com,
ujjwlewppf@outlook.com,
twgmtukzsh@msn.com,
tzuzufcovw@gmail.com,
pfgnkxopqt@msn.com,
mhpymaetem@yahoo.com,
dwtcptpvfe@outlook.com,
fjdakcfmmo@supersqa.com,
yqeaomeynn@gmail.com,
xltndylmzc@msn.com,
nploisxfqk@yahoo.com,
oeklfrekbh@supersqa.com,
roxbaxcrhi@supersqa.com,
witfadjuqz@msn.com,
rimjmrljli@outlook.com,
lppzfrbloy@supersqa.com,
uapxlsfcpr@outlook.com,
eulwhtavzt@gmail.com,
rxhvoicdxy@gmail.com,
muywsesgvl@yahoo.com,
hszgpxnepc@yahoo.com,
cndbiwatkx@msn.com,
qcklwdlkgo@outlook.com,
jpvskkceho@outlook.com,
zsbogefqxt@gmail.com,
hwzudvnunf@outlook.com,
mlwqudsagi@msn.com,
agetrhwykl@yahoo.com,
xfnekmgrmb@msn.com,
xsiipyqlds@supersqa.com,
uaktsrqztn@msn.com,
jdswqwvvls@outlook.com,
zlxmjmmbpi@supersqa.com,
bxcmszecwa@outlook.com,
eoayabaotd@supersqa.com,
bzjddgnmym@supersqa.com,
haguhbfwfe@msn.com,
ifowduuphq@supersqa.com,
xznytnzuvv@gmail.com,
samikmyffw@outlook.com,
dvjnsvigci@supersqa.com,
ecofqcbmeo@msn.com,
wmoqpzvinr@msn.com,
tjyfzwucec@yahoo.com,
goiztfmkha@supersqa.com,
pwbjjxwrsl@msn.com,
semaohahkp@outlook.com,
hipygdmoty@outlook.com,
wcxykkwquh@yahoo.com,
tmdjcmijpa@outlook.com,
ztgzgemluf@outlook.com,
dvcdrogobo@yahoo.com,
ulwqujbjdi@supersqa.com,
vdbmnghzkq@msn.com,
zchxmzupiq@msn.com,
vtwguxhgog@outlook.com,
bfbznwwfrh@outlook.com,
ifcazdndwx@msn.com,
dmwdawzuoa@yahoo.com,
bqyxvzbdhb@outlook.com,
wjrhnjtkoj@msn.com,
ntqkpcxdux@supersqa.com,
gusncvojec@supersqa.com,
nyvuglzwfz@msn.com,
vijhucyllt@supersqa.com,
smerwixxug@msn.com,
bvzfdtxfcd@msn.com,
jxlmbjccgk@supersqa.com,
jockgcvcaf@outlook.com,
woynndjfly@outlook.com,
fvwzbcvdjh@msn.com,
jnshboauoa@msn.com,
ddrmfjfiud@yahoo.com,
ykuhlyvswy@gmail.com,
ucdkutruip@supersqa.com,
dvqpvpvoxa@outlook.com,
xdxgblrtqs@msn.com,
numzitcxxm@supersqa.com,
pmrlgyhjtv@msn.com,
xmexrggern@msn.com,
dljokntyym@yahoo.com,
trvavzoaia@outlook.com,
ungpgmsrdy@msn.com